<?xml version="1.0" encoding="UTF-8"?>
<beans xmlns="http://www.springframework.org/schema/beans"
xmlns:xsi="http://www.w3.org/2001/XMLSchema-instance"
xsi:schemaLocation="http://www.springframework.org/schema/beans
http://www.springframework.org/schema/beans/spring-beans.xsd">

<bean id="sa" class="j.spring.intrst.Account">
<property name="acno" value="3e456t"/>
<property name="acbl" value="10300"/>
</bean>

<bean id="ca" class="j.spring.intrst.Account">
<property name="acno" value="78i988"/>
<property name="acbl" value="200000"/>
</bean>


<bean id="savings" class="j.spring.intrst.savings" autowire="byName">
</bean>

<bean id="current" class="j.spring.intrst.current" autowire="byName">
</bean>
</beans>

